season,estaca,nido_id,ambiente,huevo,pichon,fecha_puesta,fecha_walkout
s10-11,200,1,,2,2,20/10/2010,4/1/2011
s10-11,200,2,,2,1,20/10/2010,4/1/2011
s10-11,200,3,,2,0,20/10/2010,4/1/2011
s10-11,200,4,,2,0,20/10/2010,4/1/2011
s10-11,200,5,,2,0,20/10/2010,4/1/2011
s10-11,200,6,,2,2,20/10/2010,4/1/2011
s10-11,200,7,,2,2,20/10/2010,4/1/2011
s10-11,200,8,,2,2,20/10/2010,4/1/2011
s10-11,200,9,,2,2,20/10/2010,4/1/2011
s10-11,200,10,,2,2,20/10/2010,4/1/2011
s10-11,200,11,,2,1,20/10/2010,4/1/2011
s10-11,200,12,,2,0,20/10/2010,4/1/2011
s10-11,200,13,,2,0,20/10/2010,4/1/2011
s10-11,200,14,,2,2,20/10/2010,4/1/2011
s10-11,200,15,,2,1,20/10/2010,4/1/2011
s10-11,200,16,,2,0,20/10/2010,4/1/2011
s10-11,200,17,,2,2,20/10/2010,4/1/2011
s10-11,200,18,,2,1,20/10/2010,4/1/2011
s10-11,200,20,,2,2,20/10/2010,4/1/2011
s10-11,300,1,,2,1,20/10/2010,4/1/2011
s10-11,300,2,,2,2,20/10/2010,4/1/2011
s10-11,300,3,,2,2,20/10/2010,4/1/2011
s10-11,300,4,,2,2,20/10/2010,4/1/2011
s10-11,300,5,,2,2,20/10/2010,4/1/2011
s10-11,300,6,,2,1,20/10/2010,4/1/2011
s10-11,300,7,,2,2,20/10/2010,4/1/2011
s10-11,300,8,,2,2,20/10/2010,4/1/2011
s10-11,300,9,,2,0,20/10/2010,4/1/2011
s10-11,300,10,,2,2,20/10/2010,4/1/2011
s10-11,300,11,,2,2,20/10/2010,4/1/2011
s10-11,300,12,,2,2,20/10/2010,4/1/2011
s10-11,300,13,,2,1,20/10/2010,4/1/2011
s10-11,400,1,,2,2,28/10/2010,1/1/2011
s10-11,400,2,,2,2,28/10/2010,1/1/2011
s10-11,400,3,,2,2,28/10/2010,1/1/2011
s10-11,400,4,,2,1,28/10/2010,1/1/2011
s10-11,400,5,,2,1,28/10/2010,1/1/2011
s10-11,400,6,,2,1,28/10/2010,1/1/2011
s10-11,400,7,,1,1,28/10/2010,1/1/2011
s10-11,400,8,,2,0,28/10/2010,1/1/2011
s10-11,400,9,,2,1,28/10/2010,1/1/2011
s10-11,400,10,,2,0,28/10/2010,1/1/2011
s10-11,400,11,,2,2,28/10/2010,1/1/2011
s10-11,400,12,,2,2,28/10/2010,1/1/2011
s10-11,400,13,,2,1,28/10/2010,1/1/2011
s10-11,400,14,,2,2,28/10/2010,1/1/2011
s10-11,400,15,,2,0,28/10/2010,1/1/2011
s10-11,400,16,,2,1,28/10/2010,1/1/2011
s10-11,400,17,,2,1,28/10/2010,1/1/2011
s10-11,400,20,,2,2,28/10/2010,1/1/2011
s10-11,500,1,,2,2,4/11/2010,4/1/2011
s10-11,500,2,,2,2,4/11/2010,4/1/2011
s10-11,500,3,,2,2,4/11/2010,4/1/2011
s10-11,500,4,,2,2,4/11/2010,4/1/2011
s10-11,500,5,,2,2,4/11/2010,4/1/2011
s10-11,500,6,,2,1,4/11/2010,4/1/2011
s10-11,500,7,,1,0,4/11/2010,4/1/2011
s10-11,500,8,,2,1,4/11/2010,4/1/2011
s10-11,500,9,,2,2,4/11/2010,4/1/2011
s10-11,500,10,,2,2,4/11/2010,4/1/2011
s10-11,500,11,,2,1,4/11/2010,4/1/2011
s10-11,500,12,,2,0,4/11/2010,4/1/2011
s10-11,500,13,,2,1,4/11/2010,4/1/2011
s10-11,500,14,,2,1,4/11/2010,4/1/2011
s10-11,500,15,,2,2,4/11/2010,4/1/2011
s10-11,500,16,,2,0,4/11/2010,4/1/2011
s10-11,500,17,,2,2,4/11/2010,4/1/2011
s10-11,500,18,,2,1,4/11/2010,4/1/2011
s10-11,500,19,,2,1,4/11/2010,4/1/2011
s10-11,500,20,,2,2,4/11/2010,4/1/2011
s10-11,600,1,,2,2,20/10/2010,4/1/2011
s10-11,600,2,,2,2,20/10/2010,4/1/2011
s10-11,600,4,,2,0,20/10/2010,4/1/2011
s10-11,600,5,,2,1,20/10/2010,4/1/2011
s10-11,600,6,,1,0,20/10/2010,4/1/2011
s10-11,600,7,,2,2,20/10/2010,4/1/2011
s10-11,600,8,,2,2,20/10/2010,4/1/2011
s10-11,600,9,,2,1,20/10/2010,4/1/2011
s10-11,600,10,,2,2,20/10/2010,4/1/2011
s10-11,600,11,,1,1,20/10/2010,4/1/2011
s10-11,600,12,,2,2,20/10/2010,4/1/2011
s10-11,600,13,,2,2,20/10/2010,4/1/2011
s10-11,600,14,,2,2,20/10/2010,4/1/2011
s10-11,600,15,,2,2,20/10/2010,4/1/2011
s10-11,600,16,,2,1,20/10/2010,4/1/2011
s10-11,600,17,,2,0,20/10/2010,4/1/2011
s10-11,600,19,,2,0,20/10/2010,4/1/2011
s10-11,600,20,,2,0,20/10/2010,4/1/2011
s11-12,200,1,,2,1,23/10/2011,31/12/2011
s11-12,200,2,,2,2,23/10/2011,31/12/2011
s11-12,200,3,,2,0,23/10/2011,31/12/2011
s11-12,200,4,,2,2,23/10/2011,31/12/2011
s11-12,200,5,,2,0,23/10/2011,31/12/2011
s11-12,200,6,,2,0,23/10/2011,31/12/2011
s11-12,200,7,,2,1,23/10/2011,31/12/2011
s11-12,200,8,,2,2,23/10/2011,31/12/2011
s11-12,200,9,,2,1,23/10/2011,31/12/2011
s11-12,200,10,,2,2,23/10/2011,31/12/2011
s11-12,200,11,,2,1,23/10/2011,31/12/2011
s11-12,200,12,,2,2,23/10/2011,31/12/2011
s11-12,200,13,,2,2,23/10/2011,31/12/2011
s11-12,200,14,,2,2,23/10/2011,31/12/2011
s11-12,200,15,,2,2,23/10/2011,31/12/2011
s11-12,200,16,,2,2,23/10/2011,31/12/2011
s11-12,200,17,,2,0,23/10/2011,31/12/2011
s11-12,200,18,,2,2,23/10/2011,31/12/2011
s11-12,200,19,,2,0,23/10/2011,31/12/2011
s11-12,200,20,,2,2,23/10/2011,31/12/2011
s11-12,300,1,,2,1,23/10/2011,31/12/2011
s11-12,300,2,,2,1,23/10/2011,31/12/2011
s11-12,300,3,,2,2,23/10/2011,31/12/2011
s11-12,300,4,,2,0,23/10/2011,31/12/2011
s11-12,300,5,,2,2,23/10/2011,31/12/2011
s11-12,300,7,,2,2,23/10/2011,31/12/2011
s11-12,300,8,,2,0,23/10/2011,31/12/2011
s11-12,300,9,,2,0,23/10/2011,31/12/2011
s11-12,300,10,,1,0,23/10/2011,31/12/2011
s11-12,300,11,,2,2,23/10/2011,31/12/2011
s11-12,300,13,,2,0,23/10/2011,31/12/2011
s11-12,300,14,,2,0,23/10/2011,31/12/2011
s11-12,400,1,,2,2,29/10/2011,31/12/2011
s11-12,400,2,,2,1,29/10/2011,31/12/2011
s11-12,400,3,,2,1,29/10/2011,31/12/2011
s11-12,400,4,,2,1,29/10/2011,31/12/2011
s11-12,400,5,,2,1,29/10/2011,31/12/2011
s11-12,400,6,,2,2,29/10/2011,31/12/2011
s11-12,400,7,,2,2,29/10/2011,31/12/2011
s11-12,400,8,,2,1,29/10/2011,31/12/2011
s11-12,400,9,,2,2,29/10/2011,31/12/2011
s11-12,400,10,,2,2,29/10/2011,31/12/2011
s11-12,400,11,,2,1,29/10/2011,31/12/2011
s11-12,400,12,,2,2,29/10/2011,31/12/2011
s11-12,400,13,,2,0,29/10/2011,31/12/2011
s11-12,400,14,,2,1,29/10/2011,31/12/2011
s11-12,400,15,,2,2,29/10/2011,31/12/2011
s11-12,400,16,,2,1,29/10/2011,31/12/2011
s11-12,400,17,,2,2,29/10/2011,31/12/2011
s11-12,400,19,,2,1,29/10/2011,31/12/2011
s11-12,500,1,,2,2,23/10/2011,26/12/2011
s11-12,500,2,,2,2,23/10/2011,26/12/2011
s11-12,500,3,,2,2,23/10/2011,26/12/2011
s11-12,500,4,,2,0,23/10/2011,26/12/2011
s11-12,500,5,,2,2,23/10/2011,26/12/2011
s11-12,500,6,,2,2,23/10/2011,26/12/2011
s11-12,500,7,,2,2,23/10/2011,26/12/2011
s11-12,500,8,,2,2,23/10/2011,26/12/2011
s11-12,500,9,,2,1,23/10/2011,26/12/2011
s11-12,500,10,,2,2,23/10/2011,26/12/2011
s11-12,500,11,,2,0,23/10/2011,26/12/2011
s11-12,500,12,,2,2,23/10/2011,26/12/2011
s11-12,500,13,,2,2,23/10/2011,26/12/2011
s11-12,500,14,,2,2,23/10/2011,26/12/2011
s11-12,500,15,,2,0,23/10/2011,26/12/2011
s11-12,500,16,,2,2,23/10/2011,26/12/2011
s11-12,500,17,,2,2,23/10/2011,26/12/2011
s11-12,500,18,,2,2,23/10/2011,26/12/2011
s11-12,500,19,,2,1,23/10/2011,26/12/2011
s11-12,500,20,,2,2,23/10/2011,26/12/2011
s11-12,600,1,,2,2,23/10/2011,31/12/2011
s11-12,600,2,,2,2,23/10/2011,31/12/2011
s11-12,600,3,,2,2,23/10/2011,31/12/2011
s11-12,600,4,,2,0,23/10/2011,31/12/2011
s11-12,600,5,,2,0,23/10/2011,31/12/2011
s11-12,600,6,,2,0,23/10/2011,31/12/2011
s11-12,600,7,,1,0,23/10/2011,31/12/2011
s11-12,600,8,,2,0,23/10/2011,31/12/2011
s11-12,600,9,,2,1,23/10/2011,31/12/2011
s11-12,600,10,,2,0,23/10/2011,31/12/2011
s11-12,600,11,,1,0,23/10/2011,31/12/2011
s11-12,600,12,,2,2,23/10/2011,31/12/2011
s11-12,600,13,,2,0,23/10/2011,31/12/2011
s11-12,600,14,,2,2,23/10/2011,31/12/2011
s11-12,600,15,,2,0,23/10/2011,31/12/2011
s11-12,600,16,,2,1,23/10/2011,31/12/2011
s11-12,600,17,,2,0,23/10/2011,31/12/2011
s11-12,600,18,,2,0,23/10/2011,31/12/2011
s11-12,600,19,,2,0,23/10/2011,31/12/2011
s11-12,600,20,,2,0,23/10/2011,31/12/2011
s12-13,200,1,,1,0,17/10/2012,20/12/2012
s12-13,200,2,,2,2,17/10/2012,20/12/2012
s12-13,200,3,,2,1,17/10/2012,20/12/2012
s12-13,200,4,,2,2,17/10/2012,20/12/2012
s12-13,200,5,,2,2,17/10/2012,20/12/2012
s12-13,200,6,,2,0,17/10/2012,20/12/2012
s12-13,200,7,,2,0,17/10/2012,20/12/2012
s12-13,200,8,,2,2,17/10/2012,20/12/2012
s12-13,200,9,,2,2,17/10/2012,20/12/2012
s12-13,200,10,,2,2,17/10/2012,20/12/2012
s12-13,200,11,,2,2,17/10/2012,20/12/2012
s12-13,200,12,,2,2,17/10/2012,20/12/2012
s12-13,200,13,,2,0,17/10/2012,20/12/2012
s12-13,200,14,,2,0,17/10/2012,20/12/2012
s12-13,200,15,,2,0,17/10/2012,20/12/2012
s12-13,200,16,,2,2,17/10/2012,20/12/2012
s12-13,200,17,,2,2,17/10/2012,20/12/2012
s12-13,200,18,,2,2,17/10/2012,20/12/2012
s12-13,200,19,,2,2,17/10/2012,20/12/2012
s12-13,200,20,,2,2,17/10/2012,20/12/2012
s12-13,300,1,,2,2,23/10/1012,20/12/2012
s12-13,300,2,,2,1,23/10/1012,20/12/2012
s12-13,300,3,,2,2,23/10/1012,20/12/2012
s12-13,300,4,,2,2,23/10/1012,20/12/2012
s12-13,300,5,,2,0,23/10/1012,20/12/2012
s12-13,300,6,,2,2,23/10/1012,20/12/2012
s12-13,300,7,,2,2,23/10/1012,20/12/2012
s12-13,300,8,,2,1,23/10/1012,20/12/2012
s12-13,300,9,,2,2,23/10/1012,20/12/2012
s12-13,300,11,,2,1,23/10/1012,20/12/2012
s12-13,300,12,,2,1,23/10/1012,20/12/2012
s12-13,300,13,,2,2,23/10/1012,20/12/2012
s12-13,300,14,,2,1,23/10/1012,20/12/2012
s12-13,300,15,,2,2,23/10/1012,20/12/2012
s12-13,300,16,,2,1,23/10/1012,20/12/2012
s12-13,300,17,,2,2,23/10/1012,20/12/2012
s12-13,300,19,,2,2,23/10/1012,20/12/2012
s12-13,300,20,,2,2,23/10/1012,20/12/2012
s12-13,400,1,,2,2,27/10/2012,20/12/2012
s12-13,400,3,,2,1,27/10/2012,20/12/2012
s12-13,400,4,,2,1,27/10/2012,20/12/2012
s12-13,400,5,,1,1,27/10/2012,20/12/2012
s12-13,400,6,,2,1,27/10/2012,20/12/2012
s12-13,400,7,,2,1,27/10/2012,20/12/2012
s12-13,400,8,,2,1,27/10/2012,20/12/2012
s12-13,400,9,,2,2,27/10/2012,20/12/2012
s12-13,400,10,,2,2,27/10/2012,20/12/2012
s12-13,400,11,,2,1,27/10/2012,20/12/2012
s12-13,400,13,,2,1,27/10/2012,20/12/2012
s12-13,400,14,,2,2,27/10/2012,20/12/2012
s12-13,400,15,,2,0,27/10/2012,20/12/2012
s12-13,400,16,,2,2,27/10/2012,20/12/2012
s12-13,400,17,,2,2,27/10/2012,20/12/2012
s12-13,400,18,,2,1,27/10/2012,20/12/2012
s12-13,400,19,,2,1,27/10/2012,20/12/2012
s12-13,400,20,,2,1,27/10/2012,20/12/2012
s12-13,500,1,,2,2,27/10/2012,20/12/2012
s12-13,500,2,,2,2,27/10/2012,20/12/2012
s12-13,500,3,,2,2,27/10/2012,20/12/2012
s12-13,500,4,,2,2,27/10/2012,20/12/2012
s12-13,500,5,,2,2,27/10/2012,20/12/2012
s12-13,500,6,,2,2,27/10/2012,20/12/2012
s12-13,500,7,,2,0,27/10/2012,20/12/2012
s12-13,500,8,,2,2,27/10/2012,20/12/2012
s12-13,500,9,,2,2,27/10/2012,20/12/2012
s12-13,500,10,,2,2,27/10/2012,20/12/2012
s12-13,500,11,,2,1,27/10/2012,20/12/2012
s12-13,500,12,,2,1,27/10/2012,20/12/2012
s12-13,500,13,,2,2,27/10/2012,20/12/2012
s12-13,500,14,,2,2,27/10/2012,20/12/2012
s12-13,500,15,,2,2,27/10/2012,20/12/2012
s12-13,500,16,,2,0,27/10/2012,20/12/2012
s12-13,500,17,,2,2,27/10/2012,20/12/2012
s12-13,500,18,,2,2,27/10/2012,20/12/2012
s12-13,500,19,,2,1,27/10/2012,20/12/2012
s12-13,500,20,,2,0,27/10/2012,20/12/2012
s12-13,600,1,,2,2,27/10/2012,20/12/2012
s12-13,600,2,,2,0,27/10/2012,20/12/2012
s12-13,600,3,,2,0,27/10/2012,20/12/2012
s12-13,600,4,,2,0,27/10/2012,20/12/2012
s12-13,600,5,,2,0,27/10/2012,20/12/2012
s12-13,600,6,,2,2,27/10/2012,20/12/2012
s12-13,600,7,,2,2,27/10/2012,20/12/2012
s12-13,600,8,,2,1,27/10/2012,20/12/2012
s12-13,600,9,,2,2,27/10/2012,20/12/2012
s12-13,600,10,,2,2,27/10/2012,20/12/2012
s12-13,600,11,,2,2,27/10/2012,20/12/2012
s12-13,600,12,,2,1,27/10/2012,20/12/2012
s12-13,600,13,,2,2,27/10/2012,20/12/2012
s12-13,600,14,,2,2,27/10/2012,20/12/2012
s12-13,600,15,,2,2,27/10/2012,20/12/2012
s12-13,600,16,,2,1,27/10/2012,20/12/2012
s12-13,600,17,,2,0,27/10/2012,20/12/2012
s12-13,600,18,,2,2,27/10/2012,20/12/2012
s12-13,600,19,,2,2,27/10/2012,20/12/2012
s12-13,600,20,,2,0,27/10/2012,20/12/2012
s13-14,200,1,,2,1,22/10/2013,30/12/2013
s13-14,200,2,,2,1,22/10/2013,30/12/2013
s13-14,200,3,,2,0,22/10/2013,30/12/2013
s13-14,200,4,,2,2,22/10/2013,30/12/2013
s13-14,200,6,,2,0,22/10/2013,30/12/2013
s13-14,200,7,,2,2,22/10/2013,30/12/2013
s13-14,200,8,,1,0,22/10/2013,30/12/2013
s13-14,200,9,,2,2,22/10/2013,30/12/2013
s13-14,200,10,,2,2,22/10/2013,30/12/2013
s13-14,200,11,,2,2,22/10/2013,30/12/2013
s13-14,200,12,,2,2,22/10/2013,30/12/2013
s13-14,200,13,,2,0,22/10/2013,30/12/2013
s13-14,200,14,,2,1,22/10/2013,30/12/2013
s13-14,200,15,,2,1,22/10/2013,30/12/2013
s13-14,200,16,,2,1,22/10/2013,30/12/2013
s13-14,200,17,,2,2,22/10/2013,30/12/2013
s13-14,200,18,,2,0,22/10/2013,30/12/2013
s13-14,200,19,,2,1,22/10/2013,30/12/2013
s13-14,200,20,,2,0,22/10/2013,30/12/2013
s13-14,300,1,,2,0,22/10/2013,30/12/2013
s13-14,300,2,,2,0,22/10/2013,30/12/2013
s13-14,300,3,,2,0,22/10/2013,30/12/2013
s13-14,300,4,,2,2,22/10/2013,30/12/2013
s13-14,300,5,,2,2,22/10/2013,30/12/2013
s13-14,300,6,,2,0,22/10/2013,30/12/2013
s13-14,300,7,,2,2,22/10/2013,30/12/2013
s13-14,300,8,,2,0,22/10/2013,30/12/2013
s13-14,300,10,,2,0,22/10/2013,30/12/2013
s13-14,300,11,,2,2,22/10/2013,30/12/2013
s13-14,300,12,,1,0,22/10/2013,30/12/2013
s13-14,300,13,,2,1,22/10/2013,30/12/2013
s13-14,300,14,,1,1,22/10/2013,30/12/2013
s13-14,300,15,,2,2,22/10/2013,30/12/2013
s13-14,300,16,,1,0,22/10/2013,30/12/2013
s13-14,300,17,,2,1,22/10/2013,30/12/2013
s13-14,300,18,,2,0,22/10/2013,30/12/2013
s13-14,300,19,,2,0,22/10/2013,30/12/2013
s13-14,300,20,,1,0,22/10/2013,30/12/2013
s13-14,400,1,,2,1,22/10/2013,30/12/2013
s13-14,400,2,,2,0,22/10/2013,30/12/2013
s13-14,400,4,,2,2,22/10/2013,30/12/2013
s13-14,400,5,,2,2,22/10/2013,30/12/2013
s13-14,400,7,,2,1,22/10/2013,30/12/2013
s13-14,400,8,,2,1,22/10/2013,30/12/2013
s13-14,400,9,,2,2,22/10/2013,30/12/2013
s13-14,400,11,,2,0,22/10/2013,30/12/2013
s13-14,400,12,,2,2,22/10/2013,30/12/2013
s13-14,400,13,,2,1,22/10/2013,30/12/2013
s13-14,400,14,,2,1,22/10/2013,30/12/2013
s13-14,400,15,,1,0,22/10/2013,30/12/2013
s13-14,400,16,,2,0,22/10/2013,30/12/2013
s13-14,400,17,,1,0,22/10/2013,30/12/2013
s13-14,400,18,,2,1,22/10/2013,30/12/2013
s13-14,400,19,,1,0,22/10/2013,30/12/2013
s13-14,400,20,,2,0,22/10/2013,30/12/2013
s13-14,500,1,,2,2,22/10/2013,24/12/2013
s13-14,500,2,,2,0,22/10/2013,24/12/2013
s13-14,500,3,,2,0,22/10/2013,24/12/2013
s13-14,500,4,,1,1,22/10/2013,24/12/2013
s13-14,500,5,,2,0,22/10/2013,24/12/2013
s13-14,500,6,,2,2,22/10/2013,24/12/2013
s13-14,500,7,,2,0,22/10/2013,24/12/2013
s13-14,500,8,,2,1,22/10/2013,24/12/2013
s13-14,500,9,,2,2,22/10/2013,24/12/2013
s13-14,500,11,,2,2,22/10/2013,24/12/2013
s13-14,500,13,,2,0,22/10/2013,24/12/2013
s13-14,500,14,,2,0,22/10/2013,24/12/2013
s13-14,500,15,,2,2,22/10/2013,24/12/2013
s13-14,500,16,,2,0,22/10/2013,24/12/2013
s13-14,500,17,,2,0,22/10/2013,24/12/2013
s13-14,500,18,,2,0,22/10/2013,24/12/2013
s13-14,500,19,,2,2,22/10/2013,24/12/2013
s13-14,500,20,,1,1,22/10/2013,30/12/2013
s13-14,600,1,,2,0,22/10/2013,30/12/2013
s13-14,600,2,,2,1,22/10/2013,30/12/2013
s13-14,600,3,,2,0,22/10/2013,30/12/2013
s13-14,600,4,,2,1,22/10/2013,30/12/2013
s13-14,600,5,,2,2,22/10/2013,30/12/2013
s13-14,600,6,,2,1,22/10/2013,30/12/2013
s13-14,600,7,,2,1,22/10/2013,30/12/2013
s13-14,600,8,,2,1,22/10/2013,30/12/2013
s13-14,600,9,,2,2,22/10/2013,30/12/2013
s13-14,600,10,,2,2,22/10/2013,30/12/2013
s13-14,600,11,,2,0,22/10/2013,30/12/2013
s13-14,600,12,,2,0,22/10/2013,30/12/2013
s13-14,600,13,,2,2,22/10/2013,30/12/2013
s13-14,600,14,,2,2,22/10/2013,30/12/2013
s13-14,600,16,,2,1,22/10/2013,30/12/2013
s13-14,600,17,,2,0,22/10/2013,30/12/2013
s13-14,600,18,,2,1,22/10/2013,30/12/2013
s13-14,600,19,,2,0,22/10/2013,30/12/2013
s13-14,600,20,,2,0,22/10/2013,30/12/2013
s14-15,200,1,,2,2,25/10/2014,25/12/2014
s14-15,200,2,,2,2,25/10/2014,25/12/2014
s14-15,200,3,,2,2,25/10/2014,25/12/2014
s14-15,200,4,,2,0,25/10/2014,25/12/2014
s14-15,200,5,,2,1,25/10/2014,25/12/2014
s14-15,200,6,,2,0,25/10/2014,25/12/2014
s14-15,200,7,,2,2,25/10/2014,25/12/2014
s14-15,200,8,,2,2,25/10/2014,25/12/2014
s14-15,200,9,,2,1,25/10/2014,25/12/2014
s14-15,200,10,,2,1,25/10/2014,25/12/2014
s14-15,200,11,,2,0,25/10/2014,25/12/2014
s14-15,200,12,,2,2,25/10/2014,25/12/2014
s14-15,200,13,,2,2,25/10/2014,25/12/2014
s14-15,200,14,,2,1,25/10/2014,25/12/2014
s14-15,200,15,,2,0,25/10/2014,25/12/2014
s14-15,200,16,,2,1,25/10/2014,25/12/2014
s14-15,200,17,,2,2,25/10/2014,25/12/2014
s14-15,200,18,,2,1,25/10/2014,25/12/2014
s14-15,200,19,,2,1,25/10/2014,25/12/2014
s14-15,200,20,,2,0,25/10/2014,25/12/2014
s14-15,300,1,,2,2,25/10/2014,25/12/2014
s14-15,300,2,,2,2,25/10/2014,25/12/2014
s14-15,300,6,,2,2,25/10/2014,25/12/2014
s14-15,300,8,,2,1,25/10/2014,25/12/2014
s14-15,300,9,,2,0,25/10/2014,25/12/2014
s14-15,300,10,,2,2,25/10/2014,25/12/2014
s14-15,300,11,,2,0,25/10/2014,25/12/2014
s14-15,300,14,,2,1,25/10/2014,25/12/2014
s14-15,300,15,,2,0,25/10/2014,25/12/2014
s14-15,300,16,,2,1,25/10/2014,25/12/2014
s14-15,300,17,,2,2,25/10/2014,25/12/2014
s14-15,300,18,,2,2,25/10/2014,25/12/2014
s14-15,300,19,,2,0,25/10/2014,25/12/2014
s14-15,300,20,,2,2,25/10/2014,25/12/2014
s14-15,400,1,,2,0,25/10/2014,25/12/2014
s14-15,400,2,,2,0,25/10/2014,25/12/2014
s14-15,400,3,,2,2,25/10/2014,25/12/2014
s14-15,400,4,,2,2,25/10/2014,25/12/2014
s14-15,400,6,,2,2,25/10/2014,25/12/2014
s14-15,400,7,,2,2,25/10/2014,25/12/2014
s14-15,400,8,,2,1,25/10/2014,25/12/2014
s14-15,400,9,,2,2,25/10/2014,25/12/2014
s14-15,400,10,,1,0,25/10/2014,25/12/2014
s14-15,400,11,,2,1,25/10/2014,25/12/2014
s14-15,400,12,,2,0,25/10/2014,25/12/2014
s14-15,400,13,,2,0,25/10/2014,25/12/2014
s14-15,400,15,,2,2,25/10/2014,25/12/2014
s14-15,400,17,,2,2,25/10/2014,25/12/2014
s14-15,400,19,,2,2,25/10/2014,25/12/2014
s14-15,400,20,,1,1,25/10/2014,25/12/2014
s14-15,500,1,,2,1,25/10/2014,3/1/2015
s14-15,500,2,,2,1,25/10/2014,3/1/2015
s14-15,500,3,,2,0,25/10/2014,3/1/2015
s14-15,500,4,,2,1,25/10/2014,3/1/2015
s14-15,500,5,,2,2,25/10/2014,3/1/2015
s14-15,500,6,,2,0,25/10/2014,3/1/2015
s14-15,500,7,,2,2,25/10/2014,3/1/2015
s14-15,500,8,,2,2,25/10/2014,3/1/2015
s14-15,500,9,,2,1,25/10/2014,3/1/2015
s14-15,500,10,,2,2,25/10/2014,3/1/2015
s14-15,500,11,,2,2,25/10/2014,3/1/2015
s14-15,500,12,,2,2,25/10/2014,3/1/2015
s14-15,500,13,,2,1,25/10/2014,3/1/2015
s14-15,500,14,,2,1,25/10/2014,3/1/2015
s14-15,500,15,,2,0,25/10/2014,3/1/2015
s14-15,500,16,,2,0,25/10/2014,3/1/2015
s14-15,500,17,,2,1,25/10/2014,3/1/2015
s14-15,500,18,,2,0,25/10/2014,3/1/2015
s14-15,500,19,,2,2,25/10/2014,3/1/2015
s14-15,500,20,,2,2,25/10/2014,3/1/2015
s14-15,600,1,,2,0,1/11/2014,3/1/2015
s14-15,600,2,,2,0,1/11/2014,3/1/2015
s14-15,600,3,,2,2,1/11/2014,3/1/2015
s14-15,600,4,,2,2,1/11/2014,3/1/2015
s14-15,600,5,,2,2,1/11/2014,3/1/2015
s14-15,600,6,,2,0,1/11/2014,3/1/2015
s14-15,600,7,,2,2,1/11/2014,3/1/2015
s14-15,600,8,,2,0,1/11/2014,3/1/2015
s14-15,600,9,,2,2,1/11/2014,3/1/2015
s14-15,600,10,,2,2,1/11/2014,3/1/2015
s14-15,600,11,,2,1,1/11/2014,3/1/2015
s14-15,600,12,,2,0,1/11/2014,3/1/2015
s14-15,600,13,,2,2,1/11/2014,3/1/2015
s14-15,600,14,,2,2,1/11/2014,3/1/2015
s14-15,600,15,,2,2,1/11/2014,3/1/2015
s14-15,600,16,,2,0,1/11/2014,3/1/2015
s14-15,600,17,,2,0,1/11/2014,3/1/2015
s14-15,600,18,,2,1,1/11/2014,3/1/2015
s14-15,600,19,,2,1,1/11/2014,3/1/2015
s14-15,600,20,,2,1,1/11/2014,3/1/2015
s15-16,3,1,cueva,2,2,1/11/2015,3/1/2016
s15-16,3,2,cueva,2,0,1/11/2015,3/1/2016
s15-16,3,3,cueva,2,0,1/11/2015,3/1/2016
s15-16,3,4,cueva,2,1,1/11/2015,3/1/2016
s15-16,3,5,cueva,2,0,1/11/2015,3/1/2016
s15-16,3,6,mata,2,0,1/11/2015,3/1/2016
s15-16,3,7,mata,2,2,1/11/2015,3/1/2016
s15-16,3,8,mata,2,2,1/11/2015,3/1/2016
s15-16,3,9,mata,2,0,1/11/2015,3/1/2016
s15-16,3,10,mata,2,0,1/11/2015,3/1/2016
s15-16,7,1,cueva,2,2,1/11/2015,3/1/2016
s15-16,7,2,cueva,2,0,1/11/2015,3/1/2016
s15-16,7,3,cueva,2,2,1/11/2015,3/1/2016
s15-16,7,4,mata,2,0,1/11/2015,3/1/2016
s15-16,7,5,mata,2,2,1/11/2015,3/1/2016
s15-16,7,6,mata,2,2,1/11/2015,3/1/2016
s15-16,7,7,mata,2,2,1/11/2015,3/1/2016
s15-16,7,8,mata,2,2,1/11/2015,3/1/2016
s15-16,7,9,mata,2,2,1/11/2015,3/1/2016
s15-16,7,10,mata,2,0,1/11/2015,3/1/2016
s15-16,9,1,mata,2,2,1/11/2015,17/12/2015
s15-16,9,2,mata,2,1,1/11/2015,17/12/2015
s15-16,9,3,mata,2,2,1/11/2015,17/12/2015
s15-16,9,4,mata,1,0,1/11/2015,17/12/2015
s15-16,9,5,mata,2,2,1/11/2015,17/12/2015
s15-16,9,6,mata,2,0,1/11/2015,17/12/2015
s15-16,9,7,mata,2,2,1/11/2015,17/12/2015
s15-16,9,8,mata,2,2,1/11/2015,17/12/2015
s15-16,9,9,mata,2,2,1/11/2015,17/12/2015
s15-16,9,10,mata,2,2,1/11/2015,17/12/2015
s15-16,13,1,cueva,2,2,1/11/2015,17/12/2015
s15-16,13,2,cueva,2,0,1/11/2015,17/12/2015
s15-16,13,3,cueva,2,2,1/11/2015,17/12/2015
s15-16,13,4,cueva,2,0,1/11/2015,17/12/2015
s15-16,13,5,cueva,1,0,1/11/2015,17/12/2015
s15-16,13,6,cueva,2,0,1/11/2015,17/12/2015
s15-16,13,7,cueva,2,0,1/11/2015,17/12/2015
s15-16,13,8,cueva,2,2,1/11/2015,17/12/2015
s15-16,13,9,cueva,2,2,1/11/2015,17/12/2015
s15-16,13,10,mata,2,2,1/11/2015,17/12/2015
s15-16,18,1,cueva,1,0,1/11/2015,17/12/2015
s15-16,18,2,mata,2,2,1/11/2015,17/12/2015
s15-16,18,3,mata,2,2,1/11/2015,17/12/2015
s15-16,18,4,mata,2,0,1/11/2015,17/12/2015
s15-16,18,5,mata,2,2,1/11/2015,17/12/2015
s15-16,18,6,mata,2,2,1/11/2015,17/12/2015
s15-16,18,7,mata,2,0,1/11/2015,17/12/2015
s15-16,18,8,mata,2,0,1/11/2015,17/12/2015
s15-16,18,9,mata,2,2,1/11/2015,17/12/2015
s15-16,18,10,mata,2,1,1/11/2015,17/12/2015
s15-16,26,1,mata,2,2,1/11/2015,17/12/2015
s15-16,26,2,mata,2,2,1/11/2015,17/12/2015
s15-16,26,3,mata,2,2,1/11/2015,17/12/2015
s15-16,26,4,mata,2,2,1/11/2015,17/12/2015
s15-16,26,5,mata,2,1,1/11/2015,17/12/2015
s15-16,26,6,mata,2,0,1/11/2015,17/12/2015
s15-16,26,7,mata,2,0,1/11/2015,17/12/2015
s15-16,26,8,mata,2,2,1/11/2015,17/12/2015
s15-16,26,9,mata,2,2,1/11/2015,17/12/2015
s15-16,26,10,mata,2,2,1/11/2015,17/12/2015
s15-16,27,1,mata,2,2,1/11/2015,17/12/2015
s15-16,27,2,mata,2,2,1/11/2015,17/12/2015
s15-16,27,3,mata,2,2,1/11/2015,17/12/2015
s15-16,27,4,mata,2,2,1/11/2015,17/12/2015
s15-16,27,5,mata,2,0,1/11/2015,17/12/2015
s15-16,27,6,mata,2,2,1/11/2015,17/12/2015
s15-16,27,7,mata,2,0,1/11/2015,17/12/2015
s15-16,27,8,mata,2,1,1/11/2015,17/12/2015
s15-16,27,9,mata,2,0,1/11/2015,17/12/2015
s15-16,34,1,mata,2,2,1/11/2015,17/12/2015
s15-16,34,2,mata,1,0,1/11/2015,17/12/2015
s15-16,34,3,mata,2,0,1/11/2015,17/12/2015
s15-16,34,4,mata,2,2,1/11/2015,17/12/2015
s15-16,34,5,cueva,2,1,1/11/2015,17/12/2015
s15-16,34,6,cueva,2,0,1/11/2015,17/12/2015
s15-16,34,7,cueva,2,2,1/11/2015,17/12/2015
s15-16,34,8,cueva,2,2,1/11/2015,17/12/2015
s15-16,34,9,cueva,2,2,1/11/2015,17/12/2015
s15-16,37,1,mata,2,2,1/11/2015,17/12/2015
s15-16,37,2,mata,2,0,1/11/2015,17/12/2015
s15-16,37,3,mata,2,2,1/11/2015,17/12/2015
s15-16,37,4,mata,2,0,1/11/2015,17/12/2015
s15-16,37,5,mata,2,2,1/11/2015,17/12/2015
s15-16,37,6,cueva,2,1,1/11/2015,17/12/2015
s15-16,37,7,cueva,2,2,1/11/2015,17/12/2015
s15-16,37,9,cueva,2,2,1/11/2015,17/12/2015
s15-16,41,1,mata,2,1,1/11/2015,17/12/2015
s15-16,41,2,mata,2,0,1/11/2015,17/12/2015
s15-16,41,3,mata,2,0,1/11/2015,17/12/2015
s15-16,41,4,cueva,2,0,1/11/2015,17/12/2015
s15-16,41,5,cueva,2,2,1/11/2015,17/12/2015
s15-16,41,6,cueva,2,0,1/11/2015,17/12/2015
s15-16,41,7,mata,2,0,1/11/2015,17/12/2015
s15-16,41,8,mata,1,0,1/11/2015,17/12/2015
s15-16,41,9,mata,2,2,1/11/2015,17/12/2015
s15-16,41,10,cueva,2,0,1/11/2015,17/12/2015
s16-17,3,1,cueva,2,2,4/11/2016,20/12/2016
s16-17,3,2,mata,2,0,4/11/2016,20/12/2016
s16-17,3,3,mata,2,0,4/11/2016,20/12/2016
s16-17,3,4,cueva,2,1,4/11/2016,20/12/2016
s16-17,3,5,cueva,2,1,4/11/2016,20/12/2016
s16-17,3,6,mata,2,0,4/11/2016,20/12/2016
s16-17,3,7,mata,2,2,4/11/2016,20/12/2016
s16-17,3,8,mata,2,1,4/11/2016,20/12/2016
s16-17,3,9,mata,2,0,4/11/2016,20/12/2016
s16-17,3,10,mata,2,0,4/11/2016,20/12/2016
s16-17,7,1,mata,2,2,4/11/2016,20/12/2016
s16-17,7,2,mata,2,0,4/11/2016,20/12/2016
s16-17,7,3,mata,2,0,4/11/2016,20/12/2016
s16-17,7,4,mata,2,0,4/11/2016,20/12/2016
s16-17,7,5,mata,2,1,4/11/2016,20/12/2016
s16-17,7,6,mata,2,2,4/11/2016,20/12/2016
s16-17,7,7,mata,2,2,4/11/2016,20/12/2016
s16-17,7,8,mata,1,1,4/11/2016,20/12/2016
s16-17,7,9,mata,2,1,4/11/2016,20/12/2016
s16-17,7,10,mata,2,2,4/11/2016,20/12/2016
s16-17,9,1,mata,2,0,4/11/2016,20/12/2016
s16-17,9,2,mata,2,2,4/11/2016,20/12/2016
s16-17,9,3,mata,2,1,4/11/2016,20/12/2016
s16-17,9,4,mata,2,2,4/11/2016,20/12/2016
s16-17,9,5,mata,2,2,4/11/2016,20/12/2016
s16-17,9,6,mata,2,2,4/11/2016,20/12/2016
s16-17,9,7,mata,2,2,4/11/2016,20/12/2016
s16-17,9,8,mata,2,0,4/11/2016,20/12/2016
s16-17,9,9,mata,2,2,4/11/2016,20/12/2016
s16-17,9,10,mata,2,1,4/11/2016,20/12/2016
s16-17,13,1,cueva,2,0,11/11/2016,20/12/2016
s16-17,13,2,cueva,2,1,11/11/2016,20/12/2016
s16-17,13,3,cueva,2,0,11/11/2016,20/12/2016
s16-17,13,4,cueva,2,2,11/11/2016,20/12/2016
s16-17,13,5,cueva,2,1,11/11/2016,20/12/2016
s16-17,13,6,cueva,2,1,11/11/2016,20/12/2016
s16-17,13,7,cueva,2,2,11/11/2016,20/12/2016
s16-17,13,8,cueva,2,0,11/11/2016,20/12/2016
s16-17,13,9,cueva,2,0,11/11/2016,20/12/2016
s16-17,13,10,cueva,2,2,11/11/2016,20/12/2016
s16-17,18,1,cueva,2,1,4/11/2016,20/12/2016
s16-17,18,2,mata,2,0,4/11/2016,20/12/2016
s16-17,18,3,mata,2,2,4/11/2016,20/12/2016
s16-17,18,4,mata,2,2,4/11/2016,20/12/2016
s16-17,18,5,mata,2,0,4/11/2016,20/12/2016
s16-17,18,6,mata,2,2,4/11/2016,20/12/2016
s16-17,18,7,mata,2,0,4/11/2016,20/12/2016
s16-17,18,8,mata,2,1,4/11/2016,20/12/2016
s16-17,18,9,mata,2,1,4/11/2016,20/12/2016
s16-17,18,10,mata,2,0,4/11/2016,20/12/2016
s16-17,26,1,mata,2,2,4/11/2016,20/12/2016
s16-17,26,2,mata,2,2,4/11/2016,20/12/2016
s16-17,26,3,mata,2,1,4/11/2016,20/12/2016
s16-17,26,4,mata,2,2,4/11/2016,20/12/2016
s16-17,26,5,mata,2,2,4/11/2016,20/12/2016
s16-17,26,6,cueva,2,2,4/11/2016,20/12/2016
s16-17,26,7,mata,2,2,4/11/2016,20/12/2016
s16-17,26,8,mata,2,0,4/11/2016,20/12/2016
s16-17,26,9,mata,2,2,4/11/2016,20/12/2016
s16-17,26,10,mata,2,2,4/11/2016,20/12/2016
s16-17,27,1,mata,2,0,4/11/2016,20/12/2016
s16-17,27,2,mata,2,2,4/11/2016,20/12/2016
s16-17,27,3,mata,2,2,4/11/2016,20/12/2016
s16-17,27,4,mata,2,0,4/11/2016,20/12/2016
s16-17,27,5,mata,2,2,4/11/2016,20/12/2016
s16-17,27,6,mata,2,1,4/11/2016,20/12/2016
s16-17,27,7,mata,2,0,4/11/2016,20/12/2016
s16-17,27,8,mata,2,1,4/11/2016,20/12/2016
s16-17,27,9,mata,2,0,4/11/2016,20/12/2016
s16-17,27,10,mata,2,2,4/11/2016,20/12/2016
s16-17,34,1,cueva,2,1,4/11/2016,20/12/2016
s16-17,34,2,cueva,2,2,4/11/2016,20/12/2016
s16-17,34,3,cueva,2,1,4/11/2016,20/12/2016
s16-17,34,4,cueva,2,2,4/11/2016,20/12/2016
s16-17,34,5,mata,2,0,4/11/2016,20/12/2016
s16-17,34,6,mata,2,0,4/11/2016,20/12/2016
s16-17,34,7,mata,2,0,4/11/2016,20/12/2016
s16-17,34,8,mata,2,1,4/11/2016,20/12/2016
s16-17,34,9,mata,2,0,4/11/2016,20/12/2016
s16-17,34,10,mata,2,2,4/11/2016,20/12/2016
s16-17,37,1,mata,2,0,4/11/2016,20/12/2016
s16-17,37,2,mata,2,0,4/11/2016,20/12/2016
s16-17,37,3,mata,2,2,4/11/2016,20/12/2016
s16-17,37,4,cueva,2,1,4/11/2016,20/12/2016
s16-17,37,5,mata,2,2,4/11/2016,20/12/2016
s16-17,37,6,cueva,2,2,4/11/2016,20/12/2016
s16-17,37,7,cueva,2,1,4/11/2016,20/12/2016
s16-17,37,8,mata,2,1,4/11/2016,20/12/2016
s16-17,37,9,mata,2,0,4/11/2016,20/12/2016
s16-17,37,10,mata,2,0,4/11/2016,20/12/2016
s16-17,41,1,cueva,1,1,4/11/2016,20/12/2016
s16-17,41,2,cueva,2,1,4/11/2016,20/12/2016
s16-17,41,3,mata,1,0,4/11/2016,20/12/2016
s16-17,41,4,mata,2,0,4/11/2016,20/12/2016
s16-17,41,5,mata,2,0,4/11/2016,20/12/2016
s16-17,41,6,mata,2,1,4/11/2016,20/12/2016
s16-17,41,7,mata,2,0,4/11/2016,20/12/2016
s16-17,41,8,mata,2,1,4/11/2016,20/12/2016
s16-17,41,9,mata,2,0,4/11/2016,20/12/2016
s16-17,41,10,mata,2,1,4/11/2016,20/12/2016
s17-18,3,1,mata,2,2,20/11/2017,25/12/2017
s17-18,3,2,mata,2,2,20/11/2017,25/12/2017
s17-18,3,3,mata,2,1,20/11/2017,25/12/2017
s17-18,3,4,mata,2,0,20/11/2017,25/12/2017
s17-18,3,5,cueva,2,2,20/11/2017,25/12/2017
s17-18,3,6,cueva,2,2,20/11/2017,25/12/2017
s17-18,3,7,cueva,2,1,20/11/2017,25/12/2017
s17-18,3,8,mata,2,0,20/11/2017,25/12/2017
s17-18,3,9,cueva,2,0,20/11/2017,25/12/2017
s17-18,3,10,cueva,2,2,20/11/2017,25/12/2017
s17-18,7,1,mata,2,1,20/11/2017,25/12/2017
s17-18,7,2,mata,2,2,20/11/2017,25/12/2017
s17-18,7,3,mata,2,2,20/11/2017,25/12/2017
s17-18,7,4,mata,2,0,20/11/2017,25/12/2017
s17-18,7,5,mata,2,2,20/11/2017,25/12/2017
s17-18,7,6,cueva,2,0,20/11/2017,25/12/2017
s17-18,7,7,mata,2,2,20/11/2017,25/12/2017
s17-18,7,8,mata,2,2,20/11/2017,25/12/2017
s17-18,7,9,mata,2,2,20/11/2017,25/12/2017
s17-18,7,10,mata,2,2,20/11/2017,25/12/2017
s17-18,9,1,mata,2,2,20/11/2017,25/12/2017
s17-18,9,2,mata,2,1,20/11/2017,25/12/2017
s17-18,9,3,mata,2,2,20/11/2017,25/12/2017
s17-18,9,4,mata,2,1,20/11/2017,25/12/2017
s17-18,9,5,mata,2,2,20/11/2017,25/12/2017
s17-18,9,6,mata,2,2,20/11/2017,25/12/2017
s17-18,9,7,mata,2,2,20/11/2017,25/12/2017
s17-18,9,8,mata,2,2,20/11/2017,25/12/2017
s17-18,9,9,mata,2,1,20/11/2017,25/12/2017
s17-18,9,10,mata,2,0,20/11/2017,25/12/2017
s17-18,13,1,mata,2,1,20/11/2017,25/12/2017
s17-18,13,2,cueva,2,2,20/11/2017,25/12/2017
s17-18,13,3,cueva,2,1,20/11/2017,25/12/2017
s17-18,13,4,cueva,2,2,20/11/2017,25/12/2017
s17-18,13,5,cueva,2,0,20/11/2017,25/12/2017
s17-18,13,6,cueva,2,0,20/11/2017,25/12/2017
s17-18,13,7,cueva,2,1,20/11/2017,25/12/2017
s17-18,13,8,cueva,2,1,20/11/2017,25/12/2017
s17-18,13,9,cueva,2,0,20/11/2017,25/12/2017
s17-18,13,10,cueva,2,2,20/11/2017,25/12/2017
s17-18,18,1,mata,2,0,20/11/2017,25/12/2017
s17-18,18,2,mata,2,2,20/11/2017,25/12/2017
s17-18,18,3,mata,2,0,20/11/2017,25/12/2017
s17-18,18,4,mata,2,0,20/11/2017,25/12/2017
s17-18,18,5,cueva,2,0,20/11/2017,25/12/2017
s17-18,18,6,mata,2,1,20/11/2017,25/12/2017
s17-18,18,7,mata,2,1,20/11/2017,25/12/2017
s17-18,18,8,mata,2,0,20/11/2017,25/12/2017
s17-18,18,9,mata,2,0,20/11/2017,25/12/2017
s17-18,18,10,mata,2,1,20/11/2017,25/12/2017
s17-18,26,1,mata,2,0,20/11/2017,25/12/2017
s17-18,26,2,mata,2,0,20/11/2017,25/12/2017
s17-18,26,3,mata,2,1,20/11/2017,25/12/2017
s17-18,26,4,mata,2,2,20/11/2017,25/12/2017
s17-18,26,5,mata,2,2,20/11/2017,25/12/2017
s17-18,26,6,mata,2,0,20/11/2017,25/12/2017
s17-18,26,7,mata,2,1,20/11/2017,25/12/2017
s17-18,26,8,mata,2,2,20/11/2017,25/12/2017
s17-18,26,9,mata,2,0,20/11/2017,25/12/2017
s17-18,26,10,mata,2,2,20/11/2017,25/12/2017
s17-18,27,1,mata,2,1,20/11/2017,25/12/2017
s17-18,27,2,mata,2,2,20/11/2017,25/12/2017
s17-18,27,3,mata,2,0,20/11/2017,25/12/2017
s17-18,27,4,mata,2,1,20/11/2017,25/12/2017
s17-18,27,5,mata,2,0,20/11/2017,25/12/2017
s17-18,27,6,mata,2,1,20/11/2017,25/12/2017
s17-18,27,7,mata,2,0,20/11/2017,25/12/2017
s17-18,27,8,mata,2,2,20/11/2017,25/12/2017
s17-18,27,9,mata,2,2,20/11/2017,25/12/2017
s17-18,27,10,cueva,2,0,20/11/2017,25/12/2017
s17-18,34,1,mata,2,1,20/11/2017,25/12/2017
s17-18,34,2,cueva,2,0,20/11/2017,25/12/2017
s17-18,34,3,cueva,2,0,20/11/2017,25/12/2017
s17-18,34,4,cueva,2,2,20/11/2017,25/12/2017
s17-18,34,5,cueva,2,2,20/11/2017,25/12/2017
s17-18,34,6,cueva,2,2,20/11/2017,25/12/2017
s17-18,34,7,mata,2,1,20/11/2017,25/12/2017
s17-18,34,8,mata,2,1,20/11/2017,25/12/2017
s17-18,34,9,mata,2,2,20/11/2017,25/12/2017
s17-18,34,10,mata,2,0,20/11/2017,25/12/2017
s17-18,37,1,cueva,2,1,20/11/2017,25/12/2017
s17-18,37,2,mata,2,1,20/11/2017,25/12/2017
s17-18,37,3,mata,2,2,20/11/2017,25/12/2017
s17-18,37,4,mata,2,2,20/11/2017,25/12/2017
s17-18,37,5,cueva,2,0,20/11/2017,25/12/2017
s17-18,37,6,mata,2,0,20/11/2017,25/12/2017
s17-18,37,7,mata,2,0,20/11/2017,25/12/2017
s17-18,37,8,mata,2,1,20/11/2017,25/12/2017
s17-18,37,9,mata,2,1,20/11/2017,25/12/2017
s17-18,37,10,mata,2,2,20/11/2017,25/12/2017
s17-18,41,1,cueva,2,0,20/11/2017,25/12/2017
s17-18,41,2,mata,2,0,20/11/2017,25/12/2017
s17-18,41,3,mata,2,2,20/11/2017,25/12/2017
s17-18,41,4,mata,2,0,20/11/2017,25/12/2017
s17-18,41,5,mata,2,2,20/11/2017,25/12/2017
s17-18,41,6,mata,2,2,20/11/2017,25/12/2017
s17-18,41,7,mata,2,2,20/11/2017,25/12/2017
s17-18,41,8,mata,2,2,20/11/2017,25/12/2017
s17-18,41,9,mata,2,2,20/11/2017,25/12/2017
s17-18,41,10,mata,1,1,20/11/2017,25/12/2017
s18-19,3,1,cueva,2,1,14/11/2018,27/12/2018
s18-19,3,2,cueva,2,2,14/11/2018,27/12/2018
s18-19,3,3,cueva,2,2,14/11/2018,27/12/2018
s18-19,3,4,cueva,2,1,14/11/2018,27/12/2018
s18-19,3,5,cueva,2,1,14/11/2018,27/12/2018
s18-19,3,6,mata,2,0,14/11/2018,27/12/2018
s18-19,3,7,,2,1,14/11/2018,27/12/2018
s18-19,3,8,,2,1,14/11/2018,27/12/2018
s18-19,3,9,,2,2,14/11/2018,27/12/2018
s18-19,3,10,,2,2,14/11/2018,27/12/2018
s18-19,7,1,cueva,2,1,14/11/2018,27/12/2018
s18-19,7,2,mata,2,2,14/11/2018,27/12/2018
s18-19,7,3,mata,2,2,14/11/2018,27/12/2018
s18-19,7,4,mata,2,2,14/11/2018,27/12/2018
s18-19,7,5,mata,2,2,14/11/2018,27/12/2018
s18-19,7,6,cueva,2,2,14/11/2018,27/12/2018
s18-19,7,7,mata,2,2,14/11/2018,27/12/2018
s18-19,7,8,mata,2,2,14/11/2018,27/12/2018
s18-19,7,9,,2,1,14/11/2018,27/12/2018
s18-19,7,10,cueva,2,2,14/11/2018,27/12/2018
s18-19,9,1,,2,2,14/11/2018,27/12/2018
s18-19,9,2,,2,2,14/11/2018,27/12/2018
s18-19,9,3,,2,2,14/11/2018,27/12/2018
s18-19,9,4,,2,2,14/11/2018,27/12/2018
s18-19,9,5,,2,2,14/11/2018,27/12/2018
s18-19,9,6,,2,2,14/11/2018,27/12/2018
s18-19,9,7,,2,0,14/11/2018,27/12/2018
s18-19,9,8,,2,1,14/11/2018,27/12/2018
s18-19,9,9,,2,2,14/11/2018,27/12/2018
s18-19,9,10,,2,1,14/11/2018,27/12/2018
s18-19,13,1,,2,2,14/11/2018,27/12/2018
s18-19,13,2,,2,1,14/11/2018,27/12/2018
s18-19,13,3,,2,1,14/11/2018,27/12/2018
s18-19,13,4,,2,1,14/11/2018,27/12/2018
s18-19,13,5,,2,1,14/11/2018,27/12/2018
s18-19,13,6,,2,0,14/11/2018,27/12/2018
s18-19,13,7,,2,0,14/11/2018,27/12/2018
s18-19,13,8,,2,1,14/11/2018,27/12/2018
s18-19,13,9,,2,1,14/11/2018,27/12/2018
s18-19,13,10,,2,0,14/11/2018,27/12/2018
s18-19,18,1,,2,2,14/11/2018,27/12/2018
s18-19,18,2,,2,1,14/11/2018,27/12/2018
s18-19,18,3,,2,2,14/11/2018,27/12/2018
s18-19,18,4,,2,2,14/11/2018,27/12/2018
s18-19,18,5,,1,0,14/11/2018,27/12/2018
s18-19,18,6,,2,2,14/11/2018,27/12/2018
s18-19,18,7,,2,0,14/11/2018,27/12/2018
s18-19,18,8,cueva,2,2,14/11/2018,27/12/2018
s18-19,18,9,,2,0,14/11/2018,27/12/2018
s18-19,18,10,,2,0,14/11/2018,27/12/2018
s18-19,26,1,,2,2,14/11/2018,27/12/2018
s18-19,26,2,,2,0,14/11/2018,27/12/2018
s18-19,26,3,,2,2,14/11/2018,27/12/2018
s18-19,26,4,,2,2,14/11/2018,27/12/2018
s18-19,26,5,,2,2,14/11/2018,27/12/2018
s18-19,26,6,,2,2,14/11/2018,27/12/2018
s18-19,26,7,,2,2,14/11/2018,27/12/2018
s18-19,26,8,,2,1,14/11/2018,27/12/2018
s18-19,26,9,,2,2,14/11/2018,27/12/2018
s18-19,26,10,,2,0,14/11/2018,27/12/2018
s18-19,27,1,,2,2,14/11/2018,27/12/2018
s18-19,27,2,,2,2,14/11/2018,27/12/2018
s18-19,27,3,,2,2,14/11/2018,27/12/2018
s18-19,27,4,,2,2,14/11/2018,27/12/2018
s18-19,27,5,,2,1,14/11/2018,27/12/2018
s18-19,27,6,,2,2,14/11/2018,27/12/2018
s18-19,27,7,,2,2,14/11/2018,27/12/2018
s18-19,27,8,,2,1,14/11/2018,27/12/2018
s18-19,27,9,,2,2,14/11/2018,27/12/2018
s18-19,27,10,,2,2,14/11/2018,27/12/2018
s18-19,34,1,cueva,2,1,14/11/2018,27/12/2018
s18-19,34,3,cueva,2,1,14/11/2018,27/12/2018
s18-19,34,4,cueva,2,2,14/11/2018,27/12/2018
s18-19,34,5,cueva,2,0,14/11/2018,27/12/2018
s18-19,34,7,,2,2,14/11/2018,27/12/2018
s18-19,34,8,,2,2,14/11/2018,27/12/2018
s18-19,34,9,,2,1,14/11/2018,27/12/2018
s18-19,34,10,,2,2,14/11/2018,27/12/2018
s18-19,37,1,cueva,3,1,14/11/2018,27/12/2018
s18-19,37,2,cueva,2,0,14/11/2018,27/12/2018
s18-19,37,3,cueva,2,1,14/11/2018,27/12/2018
s18-19,37,4,,2,2,14/11/2018,27/12/2018
s18-19,37,5,,2,2,14/11/2018,27/12/2018
s18-19,37,6,,1,1,14/11/2018,27/12/2018
s18-19,37,7,,2,1,14/11/2018,27/12/2018
s18-19,37,8,,2,2,14/11/2018,27/12/2018
s18-19,37,9,,2,0,14/11/2018,27/12/2018
s18-19,37,10,,2,1,14/11/2018,27/12/2018
s18-19,41,2,,2,0,14/11/2018,27/12/2018
s18-19,41,3,,2,0,14/11/2018,27/12/2018
s18-19,41,4,,2,1,14/11/2018,27/12/2018
s18-19,41,5,,2,1,14/11/2018,27/12/2018
s18-19,41,6,,2,1,14/11/2018,27/12/2018
s18-19,41,7,,2,2,14/11/2018,27/12/2018
s18-19,41,8,,2,2,14/11/2018,27/12/2018
s18-19,41,9,,2,2,14/11/2018,27/12/2018
s19-20,3,1,cueva,2,2,2/11/2019,23/12/2019
s19-20,3,2,cueva,2,2,2/11/2019,23/12/2019
s19-20,3,3,cueva,2,0,2/11/2019,23/12/2019
s19-20,3,4,cueva,2,1,2/11/2019,23/12/2019
s19-20,3,5,mata,2,2,2/11/2019,23/12/2019
s19-20,3,6,mata,2,0,2/11/2019,23/12/2019
s19-20,3,7,mata,2,2,2/11/2019,23/12/2019
s19-20,3,8,mata,2,1,2/11/2019,23/12/2019
s19-20,3,9,mata,2,1,2/11/2019,23/12/2019
s19-20,3,10,mata,2,0,2/11/2019,23/12/2019
s19-20,7,1,cueva,2,2,2/11/2019,23/12/2019
s19-20,7,2,mata,2,2,2/11/2019,23/12/2019
s19-20,7,3,mata,2,0,2/11/2019,23/12/2019
s19-20,7,4,mata,2,2,2/11/2019,23/12/2019
s19-20,7,5,mata,2,0,2/11/2019,23/12/2019
s19-20,7,6,mata,2,1,2/11/2019,23/12/2019
s19-20,7,7,mata,2,0,2/11/2019,23/12/2019
s19-20,7,8,mata,2,0,2/11/2019,23/12/2019
s19-20,7,9,mata,2,2,2/11/2019,23/12/2019
s19-20,7,10,cueva,2,2,2/11/2019,23/12/2019
s19-20,9,1,mata,2,0,2/11/2019,23/12/2019
s19-20,9,2,mata,2,0,2/11/2019,23/12/2019
s19-20,9,3,mata,2,0,2/11/2019,23/12/2019
s19-20,9,4,mata,1,1,2/11/2019,23/12/2019
s19-20,9,5,mata,2,1,2/11/2019,23/12/2019
s19-20,9,6,mata,2,2,2/11/2019,23/12/2019
s19-20,9,7,mata,2,1,2/11/2019,23/12/2019
s19-20,9,8,mata,2,1,2/11/2019,23/12/2019
s19-20,9,9,mata,2,0,2/11/2019,23/12/2019
s19-20,9,10,mata,2,0,2/11/2019,23/12/2019
s19-20,13,1,cueva,2,1,2/11/2019,23/12/2019
s19-20,13,2,,2,0,2/11/2019,23/12/2019
s19-20,13,3,,2,0,2/11/2019,23/12/2019
s19-20,13,4,,2,0,2/11/2019,23/12/2019
s19-20,13,5,,2,2,2/11/2019,23/12/2019
s19-20,13,6,,2,2,2/11/2019,23/12/2019
s19-20,13,7,,2,1,2/11/2019,23/12/2019
s19-20,13,8,,2,2,2/11/2019,23/12/2019
s19-20,13,9,,2,2,2/11/2019,23/12/2019
s19-20,13,10,,2,1,2/11/2019,23/12/2019
s19-20,18,1,mata,2,1,2/11/2019,23/12/2019
s19-20,18,2,mata,2,0,2/11/2019,23/12/2019
s19-20,18,3,mata,2,0,2/11/2019,23/12/2019
s19-20,18,4,mata,2,2,2/11/2019,23/12/2019
s19-20,18,5,mata,2,0,2/11/2019,23/12/2019
s19-20,18,6,mata,2,0,2/11/2019,23/12/2019
s19-20,18,7,mata,2,0,2/11/2019,23/12/2019
s19-20,18,8,cueva,2,0,2/11/2019,23/12/2019
s19-20,18,9,mata,2,2,2/11/2019,23/12/2019
s19-20,18,10,mata,2,0,2/11/2019,23/12/2019
s19-20,26,1,mata,2,0,2/11/2019,23/12/2019
s19-20,26,2,mata,2,2,2/11/2019,23/12/2019
s19-20,26,3,mata,2,2,2/11/2019,23/12/2019
s19-20,26,4,mata,2,0,2/11/2019,23/12/2019
s19-20,26,5,mata,2,2,2/11/2019,23/12/2019
s19-20,26,6,cueva,2,0,2/11/2019,23/12/2019
s19-20,26,7,mata,2,1,2/11/2019,23/12/2019
s19-20,26,8,mata,2,1,2/11/2019,23/12/2019
s19-20,26,9,mata,2,0,2/11/2019,23/12/2019
s19-20,26,10,mata,2,2,2/11/2019,23/12/2019
s19-20,27,1,mata,2,2,2/11/2019,23/12/2019
s19-20,27,2,mata,2,0,2/11/2019,23/12/2019
s19-20,27,3,mata,2,1,2/11/2019,23/12/2019
s19-20,27,4,mata,2,2,2/11/2019,23/12/2019
s19-20,27,5,mata,2,1,2/11/2019,23/12/2019
s19-20,27,6,mata,2,0,2/11/2019,23/12/2019
s19-20,27,7,mata,2,2,2/11/2019,23/12/2019
s19-20,27,8,mata,2,0,2/11/2019,23/12/2019
s19-20,27,9,mata,2,0,2/11/2019,23/12/2019
s19-20,27,10,,2,2,2/11/2019,23/12/2019
s19-20,34,1,cueva,2,1,31/10/2019,23/12/2019
s19-20,34,2,cueva,2,1,31/10/2019,23/12/2019
s19-20,34,3,cueva,2,1,31/10/2019,23/12/2019
s19-20,34,4,cueva,2,2,31/10/2019,23/12/2019
s19-20,34,5,cueva,2,0,31/10/2019,23/12/2019
s19-20,34,6,mata,2,1,31/10/2019,23/12/2019
s19-20,34,7,mata,2,1,31/10/2019,23/12/2019
s19-20,34,8,mata,2,0,31/10/2019,23/12/2019
s19-20,34,9,mata,2,0,31/10/2019,23/12/2019
s19-20,34,10,mata,2,1,31/10/2019,23/12/2019
s19-20,37,1,cueva,2,0,31/10/2019,23/12/2019
s19-20,37,2,cueva,2,0,31/10/2019,23/12/2019
s19-20,37,3,mata,2,0,31/10/2019,23/12/2019
s19-20,37,4,mata,2,0,31/10/2019,23/12/2019
s19-20,37,5,mata,2,2,31/10/2019,23/12/2019
s19-20,37,6,mata,2,2,31/10/2019,23/12/2019
s19-20,37,7,mata,2,0,31/10/2019,23/12/2019
s19-20,37,8,mata,2,2,31/10/2019,23/12/2019
s19-20,37,9,mata,2,0,31/10/2019,23/12/2019
s19-20,37,10,mata,2,1,31/10/2019,23/12/2019
s19-20,41,1,mata,2,0,31/10/2019,23/12/2019
s19-20,41,2,mata,2,0,31/10/2019,23/12/2019
s19-20,41,3,mata,2,2,31/10/2019,23/12/2019
s19-20,41,4,mata,2,1,31/10/2019,23/12/2019
s19-20,41,5,mata,2,2,31/10/2019,23/12/2019
s19-20,41,6,mata,2,0,31/10/2019,23/12/2019
s19-20,41,8,,2,0,31/10/2019,23/12/2019
s19-20,41,9,,2,2,31/10/2019,23/12/2019
s21-22,3,1,mata,2,2,4/11/2021,17/12/2021
s21-22,3,2,mata,2,2,4/11/2021,17/12/2021
s21-22,3,3,mata,2,1,4/11/2021,17/12/2021
s21-22,3,4,cueva,2,0,4/11/2021,17/12/2021
s21-22,3,5,cueva,2,2,4/11/2021,17/12/2021
s21-22,3,6,mata,2,0,4/11/2021,17/12/2021
s21-22,3,7,mata,2,2,4/11/2021,17/12/2021
s21-22,3,8,cueva,2,2,4/11/2021,17/12/2021
s21-22,3,9,mata,2,2,4/11/2021,17/12/2021
s21-22,3,10,cueva,2,0,4/11/2021,17/12/2021
s21-22,7,1,mata,2,2,4/11/2021,17/12/2021
s21-22,7,2,mata,2,2,4/11/2021,17/12/2021
s21-22,7,3,mata,2,2,4/11/2021,17/12/2021
s21-22,7,4,mata,2,0,4/11/2021,17/12/2021
s21-22,7,5,mata,2,2,4/11/2021,17/12/2021
s21-22,7,6,mata,2,2,4/11/2021,17/12/2021
s21-22,7,7,mata,2,2,4/11/2021,17/12/2021
s21-22,7,8,mata,2,0,4/11/2021,17/12/2021
s21-22,7,9,mata,2,0,4/11/2021,17/12/2021
s21-22,7,10,mata,2,2,4/11/2021,17/12/2021
s21-22,9,1,mata,2,0,4/11/2021,17/12/2021
s21-22,9,2,mata,2,0,4/11/2021,17/12/2021
s21-22,9,3,cueva,2,0,4/11/2021,17/12/2021
s21-22,9,4,mata,2,2,4/11/2021,17/12/2021
s21-22,9,5,mata,2,2,4/11/2021,17/12/2021
s21-22,9,6,mata,2,2,4/11/2021,17/12/2021
s21-22,9,7,mata,2,2,4/11/2021,17/12/2021
s21-22,9,8,cueva,2,1,4/11/2021,17/12/2021
s21-22,9,9,mata,2,2,4/11/2021,17/12/2021
s21-22,9,10,mata,2,2,4/11/2021,17/12/2021
s21-22,13,1,,2,1,4/11/2021,17/12/2021
s21-22,13,2,,2,2,4/11/2021,17/12/2021
s21-22,13,3,,2,2,4/11/2021,17/12/2021
s21-22,13,4,,2,2,4/11/2021,17/12/2021
s21-22,13,5,,2,2,4/11/2021,17/12/2021
s21-22,13,6,,2,0,4/11/2021,17/12/2021
s21-22,13,7,,2,2,4/11/2021,17/12/2021
s21-22,13,8,,2,0,4/11/2021,17/12/2021
s21-22,13,9,,2,1,4/11/2021,17/12/2021
s21-22,13,10,,2,1,4/11/2021,17/12/2021
s21-22,18,1,mata,2,1,4/11/2021,17/12/2021
s21-22,18,2,mata,2,2,4/11/2021,17/12/2021
s21-22,18,3,cueva,2,0,4/11/2021,17/12/2021
s21-22,18,4,cueva,2,1,4/11/2021,17/12/2021
s21-22,18,5,mata,2,0,4/11/2021,17/12/2021
s21-22,18,6,mata,2,2,4/11/2021,17/12/2021
s21-22,18,7,mata,2,1,4/11/2021,17/12/2021
s21-22,18,8,cueva,2,2,4/11/2021,17/12/2021
s21-22,18,9,mata,2,2,4/11/2021,17/12/2021
s21-22,18,10,cueva,2,0,4/11/2021,17/12/2021
s21-22,26,1,mata,2,0,3/11/2021,17/12/2021
s21-22,26,2,mata,2,2,3/11/2021,17/12/2021
s21-22,26,3,mata,2,2,3/11/2021,17/12/2021
s21-22,26,4,cueva,2,0,3/11/2021,17/12/2021
s21-22,26,5,mata,2,0,3/11/2021,17/12/2021
s21-22,26,6,mata,2,1,3/11/2021,17/12/2021
s21-22,26,7,cueva,2,0,3/11/2021,17/12/2021
s21-22,26,8,mata,2,2,3/11/2021,17/12/2021
s21-22,26,9,cueva,2,0,3/11/2021,17/12/2021
s21-22,26,10,cueva,2,2,3/11/2021,17/12/2021
s21-22,27,1,mata,2,1,4/11/2021,17/12/2021
s21-22,27,2,cueva,2,2,4/11/2021,17/12/2021
s21-22,27,3,cueva,2,2,4/11/2021,17/12/2021
s21-22,27,4,mata,2,0,4/11/2021,17/12/2021
s21-22,27,5,cueva,2,0,4/11/2021,17/12/2021
s21-22,27,6,mata,2,2,4/11/2021,17/12/2021
s21-22,27,7,mata,2,2,4/11/2021,17/12/2021
s21-22,27,8,mata,2,0,4/11/2021,17/12/2021
s21-22,27,9,mata,2,0,4/11/2021,17/12/2021
s21-22,27,10,mata,2,1,3/11/2021,17/12/2021
s21-22,34,1,cueva,2,2,3/11/2021,17/12/2021
s21-22,34,2,cueva,2,2,3/11/2021,17/12/2021
s21-22,34,3,cueva,2,0,3/11/2021,17/12/2021
s21-22,34,4,mata,2,2,3/11/2021,17/12/2021
s21-22,34,5,cueva,2,0,3/11/2021,17/12/2021
s21-22,34,6,cueva,2,2,3/11/2021,17/12/2021
s21-22,34,7,cueva,2,2,3/11/2021,17/12/2021
s21-22,34,8,mata,2,1,3/11/2021,17/12/2021
s21-22,34,9,mata,2,2,3/11/2021,17/12/2021
s21-22,34,10,mata,2,2,3/11/2021,17/12/2021
s21-22,37,1,mata,2,2,3/11/2021,17/12/2021
s21-22,37,2,mata,2,2,3/11/2021,17/12/2021
s21-22,37,3,mata,2,2,3/11/2021,17/12/2021
s21-22,37,4,mata,2,2,3/11/2021,17/12/2021
s21-22,37,5,cueva,2,0,3/11/2021,17/12/2021
s21-22,37,6,cueva,2,0,3/11/2021,17/12/2021
s21-22,37,7,cueva,2,2,3/11/2021,17/12/2021
s21-22,37,8,cueva,2,2,3/11/2021,17/12/2021
s21-22,37,9,cueva,2,2,3/11/2021,17/12/2021
s21-22,37,10,cueva,2,2,3/11/2021,17/12/2021
s21-22,41,1,,2,0,3/11/2021,17/12/2021
s21-22,41,2,,2,0,3/11/2021,17/12/2021
s21-22,41,3,,2,2,3/11/2021,17/12/2021
s22-23,3,1,cueva,2,1,25/10/2022,4/1/2023
s22-23,3,2,mata,2,2,25/10/2022,4/1/2023
s22-23,3,3,cueva,2,0,25/10/2022,4/1/2023
s22-23,3,4,cueva,2,1,25/10/2022,4/1/2023
s22-23,3,5,cueva,2,1,25/10/2022,4/1/2023
s22-23,3,6,cueva,2,0,25/10/2022,4/1/2023
s22-23,3,7,cueva,2,0,25/10/2022,4/1/2023
s22-23,3,8,cueva,2,1,25/10/2022,4/1/2023
s22-23,3,9,mata,2,2,25/10/2022,4/1/2023
s22-23,3,10,cueva,2,0,25/10/2022,4/1/2023
s22-23,7,1,cueva,2,1,25/10/2022,4/1/2023
s22-23,7,2,mata,2,2,25/10/2022,4/1/2023
s22-23,7,3,mata,2,0,25/10/2022,4/1/2023
s22-23,7,4,cueva,2,0,25/10/2022,4/1/2023
s22-23,7,5,cueva,2,0,25/10/2022,4/1/2023
s22-23,7,6,mata,2,1,25/10/2022,4/1/2023
s22-23,7,7,mata,2,1,25/10/2022,4/1/2023
s22-23,7,8,cueva,2,0,25/10/2022,4/1/2023
s22-23,7,9,mata,2,0,25/10/2022,4/1/2023
s22-23,7,10,mata,2,2,25/10/2022,4/1/2023
s22-23,9,1,mata,2,1,25/10/2022,4/1/2023
s22-23,9,2,mata,2,2,25/10/2022,4/1/2023
s22-23,9,3,mata,2,0,25/10/2022,4/1/2023
s22-23,9,4,mata,2,2,25/10/2022,4/1/2023
s22-23,9,5,mata,2,2,25/10/2022,4/1/2023
s22-23,9,6,mata,2,1,25/10/2022,4/1/2023
s22-23,9,7,mata,2,2,25/10/2022,4/1/2023
s22-23,9,8,mata,2,2,25/10/2022,4/1/2023
s22-23,9,9,mata,2,2,25/10/2022,4/1/2023
s22-23,9,10,mata,2,2,25/10/2022,4/1/2023
s22-23,13,1,cueva,2,1,25/10/2022,4/1/2023
s22-23,13,2,cueva,2,0,25/10/2022,4/1/2023
s22-23,13,3,cueva,2,0,25/10/2022,4/1/2023
s22-23,13,4,cueva,2,0,25/10/2022,4/1/2023
s22-23,13,5,cueva,2,1,25/10/2022,4/1/2023
s22-23,13,6,cueva,2,0,25/10/2022,4/1/2023
s22-23,13,7,cueva,2,1,25/10/2022,4/1/2023
s22-23,13,8,cueva,2,1,25/10/2022,4/1/2023
s22-23,13,9,cueva,2,0,25/10/2022,4/1/2023
s22-23,13,10,cueva,2,0,25/10/2022,4/1/2023
s22-23,18,1,cueva,2,2,25/10/2022,4/1/2023
s22-23,18,2,mata,2,1,25/10/2022,4/1/2023
s22-23,18,3,mata,2,1,25/10/2022,4/1/2023
s22-23,18,4,mata,2,1,25/10/2022,4/1/2023
s22-23,18,5,mata,2,0,25/10/2022,4/1/2023
s22-23,18,6,mata,2,0,25/10/2022,4/1/2023
s22-23,18,7,mata,2,1,25/10/2022,4/1/2023
s22-23,18,8,cueva,2,0,25/10/2022,4/1/2023
s22-23,18,9,mata,2,0,25/10/2022,4/1/2023
s22-23,18,10,mata,2,1,25/10/2022,4/1/2023
s22-23,26,1,mata,2,2,25/10/2022,4/1/2023
s22-23,26,2,mata,2,0,25/10/2022,4/1/2023
s22-23,26,3,mata,2,0,25/10/2022,4/1/2023
s22-23,26,4,mata,2,0,25/10/2022,4/1/2023
s22-23,26,5,mata,2,0,25/10/2022,4/1/2023
s22-23,26,6,cueva,2,0,25/10/2022,4/1/2023
s22-23,26,7,mata,2,1,25/10/2022,4/1/2023
s22-23,26,8,mata,2,2,25/10/2022,4/1/2023
s22-23,26,9,mata,2,0,25/10/2022,4/1/2023
s22-23,26,10,cueva,2,0,25/10/2022,4/1/2023
s22-23,27,1,mata,2,2,25/10/2022,4/1/2023
s22-23,27,2,mata,2,2,25/10/2022,4/1/2023
s22-23,27,3,mata,2,2,25/10/2022,4/1/2023
s22-23,27,4,mata,2,0,25/10/2022,4/1/2023
s22-23,27,5,mata,2,0,25/10/2022,4/1/2023
s22-23,27,6,mata,2,0,25/10/2022,4/1/2023
s22-23,27,7,mata,2,2,25/10/2022,4/1/2023
s22-23,27,8,cueva,2,1,25/10/2022,4/1/2023
s22-23,27,9,cueva,2,2,25/10/2022,4/1/2023
s22-23,27,10,cueva,2,2,25/10/2022,4/1/2023
s22-23,34,1,mata,2,1,25/10/2022,4/1/2023
s22-23,34,2,mata,2,1,25/10/2022,4/1/2023
s22-23,34,3,mata,2,0,25/10/2022,4/1/2023
s22-23,34,4,mata,2,1,25/10/2022,4/1/2023
s22-23,34,5,cueva,2,0,25/10/2022,4/1/2023
s22-23,34,6,cueva,2,0,25/10/2022,4/1/2023
s22-23,34,7,cueva,2,0,25/10/2022,4/1/2023
s22-23,34,8,mata,2,1,25/10/2022,4/1/2023
s22-23,34,9,cueva,2,0,25/10/2022,4/1/2023
s22-23,34,10,cueva,2,1,25/10/2022,4/1/2023
s22-23,37,1,cueva,2,0,25/10/2022,4/1/2023
s22-23,37,2,mata,2,2,25/10/2022,4/1/2023
s22-23,37,3,mata,2,0,25/10/2022,4/1/2023
s22-23,37,4,cueva,2,0,25/10/2022,4/1/2023
s22-23,37,5,mata,2,1,25/10/2022,4/1/2023
s22-23,37,6,cueva,2,0,25/10/2022,4/1/2023
s22-23,37,7,mata,2,2,25/10/2022,4/1/2023
s22-23,37,8,mata,2,1,25/10/2022,4/1/2023
s22-23,37,9,mata,2,0,25/10/2022,4/1/2023
s22-23,37,10,mata,2,0,25/10/2022,4/1/2023
s22-23,41,1,mata,2,0,25/10/2022,4/1/2023
s22-23,41,2,mata,2,0,25/10/2022,4/1/2023
s22-23,41,3,mata,2,0,25/10/2022,4/1/2023
s23-24,3,1,mata,2,2,1/11/2023,27/12/2023
s23-24,3,2,mata,2,0,1/11/2023,27/12/2023
s23-24,3,3,mata,2,1,1/11/2023,27/12/2023
s23-24,3,4,mata,2,0,1/11/2023,27/12/2023
s23-24,3,5,mata,2,0,1/11/2023,27/12/2023
s23-24,3,6,mata,2,2,1/11/2023,27/12/2023
s23-24,3,7,mata,2,1,1/11/2023,27/12/2023
s23-24,3,8,mata,2,0,1/11/2023,27/12/2023
s23-24,3,9,mata,2,2,1/11/2023,27/12/2023
s23-24,3,10,mata,2,0,1/11/2023,27/12/2023
s23-24,7,1,cueva,2,1,1/11/2023,27/12/2023
s23-24,7,2,cueva,2,1,1/11/2023,27/12/2023
s23-24,7,3,mata,2,0,1/11/2023,27/12/2023
s23-24,7,4,mata,2,0,1/11/2023,27/12/2023
s23-24,7,5,mata,2,2,1/11/2023,27/12/2023
s23-24,7,6,mata,2,0,1/11/2023,27/12/2023
s23-24,7,7,mata,2,0,1/11/2023,27/12/2023
s23-24,7,8,mata,2,1,1/11/2023,27/12/2023
s23-24,7,9,mata,2,2,1/11/2023,27/12/2023
s23-24,7,10,mata,2,0,1/11/2023,27/12/2023
s23-24,9,1,mata,2,2,1/11/2023,27/12/2023
s23-24,9,2,mata,2,2,1/11/2023,27/12/2023
s23-24,9,3,mata,2,1,1/11/2023,27/12/2023
s23-24,9,4,mata,2,2,1/11/2023,27/12/2023
s23-24,9,5,mata,2,2,1/11/2023,27/12/2023
s23-24,9,6,mata,2,1,1/11/2023,27/12/2023
s23-24,9,7,mata,2,2,1/11/2023,27/12/2023
s23-24,9,8,mata,2,1,1/11/2023,27/12/2023
s23-24,9,9,mata,2,2,1/11/2023,27/12/2023
s23-24,9,10,mata,2,2,1/11/2023,27/12/2023
s23-24,13,1,cueva,2,0,1/11/2023,27/12/2023
s23-24,13,2,cueva,2,0,1/11/2023,27/12/2023
s23-24,13,3,cueva,2,2,1/11/2023,27/12/2023
s23-24,13,4,cueva,2,1,1/11/2023,27/12/2023
s23-24,13,5,cueva,2,0,1/11/2023,27/12/2023
s23-24,13,6,cueva,2,2,1/11/2023,27/12/2023
s23-24,13,7,cueva,2,0,1/11/2023,27/12/2023
s23-24,13,8,cueva,2,0,1/11/2023,27/12/2023
s23-24,13,9,cueva,2,0,1/11/2023,27/12/2023
s23-24,13,10,cueva,2,0,1/11/2023,27/12/2023
s23-24,18,1,mata,2,1,1/11/2023,20/12/2023
s23-24,18,2,mata,2,2,1/11/2023,20/12/2023
s23-24,18,3,mata,2,1,1/11/2023,20/12/2023
s23-24,18,4,mata,2,0,1/11/2023,20/12/2023
s23-24,18,5,mata,2,2,1/11/2023,20/12/2023
s23-24,18,6,mata,2,1,1/11/2023,20/12/2023
s23-24,18,7,mata,2,2,1/11/2023,20/12/2023
s23-24,18,8,mata,2,2,1/11/2023,20/12/2023
s23-24,18,9,mata,2,2,1/11/2023,20/12/2023
s23-24,18,10,mata,2,2,1/11/2023,20/12/2023
s23-24,26,1,mata,2,0,1/11/2023,27/12/2023
s23-24,26,2,mata,2,2,1/11/2023,27/12/2023
s23-24,26,3,mata,2,2,1/11/2023,27/12/2023
s23-24,26,4,mata,2,2,1/11/2023,27/12/2023
s23-24,26,5,mata,2,1,1/11/2023,27/12/2023
s23-24,26,6,mata,2,2,1/11/2023,27/12/2023
s23-24,26,7,mata,2,0,1/11/2023,27/12/2023
s23-24,26,8,mata,2,2,1/11/2023,27/12/2023
s23-24,26,9,mata,2,1,1/11/2023,27/12/2023
s23-24,26,10,mata,2,2,1/11/2023,27/12/2023
s23-24,27,1,mata,2,0,1/11/2023,20/12/2023
s23-24,27,2,mata,2,1,1/11/2023,20/12/2023
s23-24,27,3,mata,2,2,1/11/2023,20/12/2023
s23-24,27,4,mata,2,2,1/11/2023,20/12/2023
s23-24,27,5,mata,2,2,1/11/2023,20/12/2023
s23-24,27,6,mata,2,1,1/11/2023,20/12/2023
s23-24,27,7,mata,2,1,1/11/2023,20/12/2023
s23-24,27,8,mata,2,2,1/11/2023,20/12/2023
s23-24,27,9,mata,2,2,1/11/2023,20/12/2023
s23-24,27,10,mata,2,2,1/11/2023,20/12/2023
s23-24,34,1,mata,2,0,1/11/2023,27/12/2023
s23-24,34,2,mata,2,0,1/11/2023,27/12/2023
s23-24,34,3,mata,2,2,1/11/2023,27/12/2023
s23-24,34,4,mata,2,2,1/11/2023,27/12/2023
s23-24,34,5,mata,2,0,1/11/2023,27/12/2023
s23-24,34,6,cueva,2,0,1/11/2023,27/12/2023
s23-24,34,7,cueva,2,0,1/11/2023,27/12/2023
s23-24,34,8,cueva,2,2,1/11/2023,27/12/2023
s23-24,34,9,cueva,2,2,1/11/2023,27/12/2023
s23-24,34,10,mata,2,1,1/11/2023,27/12/2023
s23-24,37,1,mata,2,2,1/11/2023,27/12/2023
s23-24,37,2,mata,2,2,1/11/2023,27/12/2023
s23-24,37,3,cueva,2,2,1/11/2023,27/12/2023
s23-24,37,4,mata,2,1,1/11/2023,27/12/2023
s23-24,37,5,mata,2,1,1/11/2023,27/12/2023
s23-24,37,6,cueva,2,1,1/11/2023,27/12/2023
s23-24,37,7,mata,2,1,1/11/2023,27/12/2023
s23-24,37,8,mata,2,0,1/11/2023,27/12/2023
s23-24,37,9,mata,2,2,1/11/2023,27/12/2023
s23-24,37,10,mata,2,1,1/11/2023,27/12/2023